{
  "general": {
    "appName": "GoNative.io",
    "initialUrl": "https://gonative.io/",
    "userAgentRegexes": [],
    "replaceStrings": [],
    "nativeBridgeUrls": [],
    "languages": [],
    "userAgentAdd": "gonative",
    "enableWindowOpen": true,
    "forceScreenOrientation": null
  },
  "navigation": {
    "tabNavigation": {
      "tabSelectionConfig": [
        {
          "id": "1",
          "regex": "https://gonative.io/"
        }
      ],
      "tabMenus": [
        {
          "items": [
            {
              "subLinks": [],
              "icon": "custom custom-gonative-icon",
              "label": "Home",
              "url": "https://gonative.io"
            },
            {
              "subLinks": [],
              "icon": "fas fa-globe",
              "label": "Tab 2",
              "url": "javascript:alert('You selected tab 2. These tabs are only shown on the home page')"
            },
            {
              "subLinks": [],
              "icon": "fas fa-laptop-code",
              "label": "GoNative Demo",
              "url": "https://gonative.io/demo"
            }
          ],
          "id": "1"
        }
      ],
      "active": true
    },
    "sidebarNavigation": {
      "menuSelectionConfig": {
        "testURL": null,
        "redirectLocations": [
          {
            "regex": null,
            "menuName": "default",
            "loggedIn": false
          },
          {
            "regex": ".*",
            "menuName": "default",
            "loggedIn": true
          }
        ]
      },
      "menus": [
        {
          "items": [
            {
              "subLinks": [],
              "label": "Sample Home",
              "url": "https://gonative.io",
              "icon": "fas fa-home"
            },
            {
              "subLinks": [],
              "label": "Sample About",
              "url": "https://gonative.io/about",
              "icon": "fas fa-user"
            }
          ],
          "name": "default",
          "active": true
        },
        {
          "items": null,
          "name": "loggedIn",
          "active": false
        }
      ]
    },
    "regexInternalExternal": {
      "rules": [
        {
          "regex": "^(?!https?://).*",
          "internal": false
        },
        {
          "regex": "https?://([-\\w]+\\.)*facebook\\.com/login.php.*",
          "internal": true
        },
        {
          "regex": "https?://([-\\w]+\\.)*facebook\\.com/dialog.*",
          "internal": true
        },
        {
          "regex": "https?://([-\\w]+\\.)*facebook\\.com/v1\\.0/.*",
          "internal": true
        },
        {
          "regex": "https?://([-\\w]+\\.)*facebook\\.com/oauth.*",
          "internal": true
        },
        {
          "regex": "https?://([-\\w]+\\.)*facebook\\.com/v2\\.0/.*",
          "internal": true
        },
        {
          "regex": "https?://([-\\w]+\\.)*facebook\\.com/checkpoint.*",
          "internal": true
        },
        {
          "regex": "https?://([-\\w]+\\.)*facebook\\.com.*",
          "internal": true
        },
        {
          "regex": "https?://([-\\w]+\\.)*plus\\.google\\.com/share.*",
          "internal": false
        },
        {
          "regex": "https?://([-\\w]+\\.)*twitter\\.com/.*",
          "internal": false
        },
        {
          "regex": "https?://([-\\w]+\\.)*instagram\\.com/.*",
          "internal": false
        },
        {
          "regex": "https?://maps\\.google\\.com.*",
          "internal": false
        },
        {
          "regex": "https?://([-\\w]+\\.)*linkedin\\.com/.*",
          "internal": false
        },
        {
          "regex": "https?://([-\\w]+\\.)*google\\.com/maps/search/.*",
          "internal": false
        },
        {
          "regex": ".*",
          "internal": true
        }
      ],
      "active": false
    },
    "androidPullToRefresh": false,
    "iosPullToRefresh": true,
    "navigationTitles": {
      "titles": [
        {}
      ],
      "active": false
    },
    "toolbarNavigation": {
      "items": [
        {
          "system": "back",
          "title": "Back"
        },
        {
          "system": "forward",
          "title": "Forward"
        },
        {
          "system": "refresh"
        }
      ]
    },
    "androidShowRefreshButton": false,
    "deepLinkDomains": {
      "domains": [],
      "enableAndroidApplinks": false
    },
    "navigationLevels": {
      "levels": [
        {}
      ]
    }
  },
  "styling": {
    "transitionInteractiveDelayMax": 0.2,
    "menuAnimationDuration": 0.15,
    "androidShowSplash": true,
    "disableAnimations": false,
    "hideWebviewAlpha": 0.5,
    "showActionBar": true,
    "showNavigationBar": true,
    "iosSidebarFont": "Default",
    "androidHideTitleInActionBar": true,
    "navigationTitleImage": true,
    "iosTheme": "default",
    "androidTheme": "auto",
    "androidSidebarBackgroundColor": "#FFFFFF",
    "androidSidebarForegroundColor": "#1E496E",
    "androidActionBarBackgroundColor": "#FFFFFF",
    "androidActionBarForegroundColor": "#1E496E",
    "androidAccentColor": "#1E496E",
    "androidSidebarSeparatorColor": "#CCCCCC",
    "androidSidebarHighlightColor": "#1E496E",
    "androidShowLogoInSideBar": true,
    "androidShowAppNameInSideBar": true,
    "androidPullToRefreshColor": "#1E496E",
    "androidTabBarBackgroundColor": "#FFFFFF",
    "androidTabBarTextColor": "#949494",
    "androidTabBarIndicatorColor": "#1E496E",
    "androidStatusBarBackgroundColor": "#5C5C5C",
    "iosTintColor": "#1E496E",
    "iosTitleColor": "#1E496E",
    "iosSidebarTextColor": "#1E496E",
    "androidBackgroundColor": "#FFFFFF",
    "androidSwipeNavigationBackgroundColor": "#FFFFFF",
    "androidSwipeNavigationActiveColor": "#000000",
    "androidSwipeNavigationInactiveColor": "#666666",
    "androidActionBarBackgroundColorDark": "#333333",
    "androidStatusBarBackgroundColorDark": "#333333",
    "androidActionBarForegroundColorDark": "#FFFFFF",
    "androidAccentColorDark": "#666666",
    "androidBackgroundColorDark": "#333333",
    "androidSidebarForegroundColorDark": "#FFFFFF",
    "androidSidebarBackgroundColorDark": "#333333",
    "androidSidebarSeparatorColorDark": "#666666",
    "androidSidebarHighlightColorDark": "#FFFFFF",
    "androidPullToRefreshColorDark": "#FFFFFF",
    "androidTabBarTextColorDark": "#FFFFFF",
    "androidTabBarBackgroundColorDark": "#333333",
    "androidTabBarIndicatorColorDark": "#666666",
    "androidSwipeNavigationBackgroundColorDark": "#333333",
    "androidSwipeNavigationActiveColorDark": "#FFFFFF",
    "androidSwipeNavigationInactiveColorDark": "#666666"
  },
  "permissions": {
    "usesGeolocation": false,
    "androidDownloadToPublicStorage": true,
    "enableWebRTC": false
  },
  "performance": {
    "webviewPools": [
      {
        "urls": [
          {
            "disown": "reload"
          }
        ]
      }
    ]
  },
  "services": {
    "facebook": {
      "pluginName": ""
    }
  }
}